Entity,Code,Year,Life expectancy
Australia,AUS,1885,49.05
Australia,AUS,1895,52.95
Australia,AUS,1905,57
Australia,AUS,1921,60.97
Australia,AUS,1922,62.83
Australia,AUS,1923,61.68
Australia,AUS,1924,62.48
Australia,AUS,1925,63.17
Australia,AUS,1926,62.88
Australia,AUS,1927,62.84
Australia,AUS,1928,62.91
Australia,AUS,1929,63.08
Australia,AUS,1930,64.9
Australia,AUS,1931,65.32
Australia,AUS,1932,65.6
Australia,AUS,1933,65.43
Australia,AUS,1934,64.79
Australia,AUS,1935,65.05
Australia,AUS,1936,65.19
Australia,AUS,1937,65.74
Australia,AUS,1938,65.76
Australia,AUS,1939,65.73
Australia,AUS,1940,66.16
Australia,AUS,1941,66.04
Australia,AUS,1942,65.79
Australia,AUS,1943,66.33
Australia,AUS,1944,67.96
Australia,AUS,1945,68.38
Australia,AUS,1946,67.92
Australia,AUS,1947,68.52
Australia,AUS,1948,68.47
Australia,AUS,1949,69.09
Australia,AUS,1950,69
Australia,AUS,1951,68.6995
Australia,AUS,1952,69.1125
Australia,AUS,1953,69.6911
Australia,AUS,1954,69.8595
Australia,AUS,1955,70.1564
Australia,AUS,1956,70.0366
Australia,AUS,1957,70.3168
Australia,AUS,1958,70.8606
Australia,AUS,1959,70.445
Australia,AUS,1960,70.8652
Australia,AUS,1961,71.1348
Australia,AUS,1962,70.9059
Australia,AUS,1963,70.9606
Australia,AUS,1964,70.5715
Australia,AUS,1965,70.8021
Australia,AUS,1966,70.6776
Australia,AUS,1967,71.0472
Australia,AUS,1968,70.6807
Australia,AUS,1969,71.0719
Australia,AUS,1970,70.6534
Australia,AUS,1971,71.451
Australia,AUS,1972,71.7682
Australia,AUS,1973,72.0579
Australia,AUS,1974,71.8491
Australia,AUS,1975,72.7834
Australia,AUS,1976,72.7871
Australia,AUS,1977,73.4719
Australia,AUS,1978,73.7403
Australia,AUS,1979,74.327
Australia,AUS,1980,74.5655
Australia,AUS,1981,74.7827
Australia,AUS,1982,74.7192
Australia,AUS,1983,75.4402
Australia,AUS,1984,75.5099
Australia,AUS,1985,75.4303
Australia,AUS,1986,76.0716
Australia,AUS,1987,76.083
Australia,AUS,1988,76.3443
Australia,AUS,1989,76.1973
Australia,AUS,1990,77.0414
Australia,AUS,1991,77.4806
Australia,AUS,1992,77.4731
Australia,AUS,1993,78.006
Australia,AUS,1994,77.8515
Australia,AUS,1995,78.2569
Australia,AUS,1996,78.3436
Australia,AUS,1997,78.6256
Australia,AUS,1998,79.0202
Australia,AUS,1999,79.2769
Australia,AUS,2000,79.6207
Australia,AUS,2001,80.006
Australia,AUS,2002,80.0515
Australia,AUS,2003,80.4396
Australia,AUS,2004,80.7334
Australia,AUS,2005,81.0923
Australia,AUS,2006,81.2581
Australia,AUS,2007,81.2324
Australia,AUS,2008,81.4267
Australia,AUS,2009,81.7283
Australia,AUS,2010,82.0132
Australia,AUS,2011,82.0911
Australia,AUS,2012,82.2966
Australia,AUS,2013,82.5511
Australia,AUS,2014,82.5182
Australia,AUS,2015,82.605
Australia,AUS,2016,82.8014
Australia,AUS,2017,82.7184
Australia,AUS,2018,83.2582
Australia,AUS,2019,83.2412
Australia,AUS,2020,83.6639
Australia,AUS,2021,83.564
Australia,AUS,2022,82.7662
Australia,AUS,2023,83.9228
Indonesia,IDN,1927,30
Indonesia,IDN,1932,32.5
Indonesia,IDN,1937,35
Indonesia,IDN,1942,27.5
Indonesia,IDN,1947,27.5
Indonesia,IDN,1950,40.2067
Indonesia,IDN,1951,40.8337
Indonesia,IDN,1952,41.5387
Indonesia,IDN,1953,42.2083
Indonesia,IDN,1954,42.9093
Indonesia,IDN,1955,43.5915
Indonesia,IDN,1956,44.3037
Indonesia,IDN,1957,44.9915
Indonesia,IDN,1958,45.418
Indonesia,IDN,1959,46.1998
Indonesia,IDN,1960,46.8349
Indonesia,IDN,1961,47.3853
Indonesia,IDN,1962,48.1412
Indonesia,IDN,1963,48.7415
Indonesia,IDN,1964,49.4397
Indonesia,IDN,1965,42.7619
Indonesia,IDN,1966,48.4063
Indonesia,IDN,1967,51.3087
Indonesia,IDN,1968,51.8882
Indonesia,IDN,1969,52.5877
Indonesia,IDN,1970,53.2543
Indonesia,IDN,1971,53.8233
Indonesia,IDN,1972,54.3644
Indonesia,IDN,1973,54.9155
Indonesia,IDN,1974,55.4431
Indonesia,IDN,1975,55.9984
Indonesia,IDN,1976,56.445
Indonesia,IDN,1977,57.0899
Indonesia,IDN,1978,57.6068
Indonesia,IDN,1979,58.1798
Indonesia,IDN,1980,58.7009
Indonesia,IDN,1981,59.0961
Indonesia,IDN,1982,59.6997
Indonesia,IDN,1983,60.3428
Indonesia,IDN,1984,60.8914
Indonesia,IDN,1985,61.3867
Indonesia,IDN,1986,61.7355
Indonesia,IDN,1987,62.0868
Indonesia,IDN,1988,62.3861
Indonesia,IDN,1989,62.8827
Indonesia,IDN,1990,63.2486
Indonesia,IDN,1991,63.7031
Indonesia,IDN,1992,64.1821
Indonesia,IDN,1993,64.8509
Indonesia,IDN,1994,65.0413
Indonesia,IDN,1995,65.2633
Indonesia,IDN,1996,65.4648
Indonesia,IDN,1997,65.7737
Indonesia,IDN,1998,65.9416
Indonesia,IDN,1999,66.0015
Indonesia,IDN,2000,66.2919
Indonesia,IDN,2001,66.5826
Indonesia,IDN,2002,66.9535
Indonesia,IDN,2003,67.134
Indonesia,IDN,2004,65.5208
Indonesia,IDN,2005,67.5308
Indonesia,IDN,2006,67.6636
Indonesia,IDN,2007,67.9141
Indonesia,IDN,2008,68.0846
Indonesia,IDN,2009,68.2674
Indonesia,IDN,2010,68.3642
Indonesia,IDN,2011,68.629
Indonesia,IDN,2012,68.8617
Indonesia,IDN,2013,69.0635
Indonesia,IDN,2014,69.292
Indonesia,IDN,2015,69.5196
Indonesia,IDN,2016,69.7333
Indonesia,IDN,2017,69.9533
Indonesia,IDN,2018,70.0797
Indonesia,IDN,2019,70.3491
Indonesia,IDN,2020,68.8173
Indonesia,IDN,2021,67.4516
Indonesia,IDN,2022,70.9246
Indonesia,IDN,2023,71.1457
Malaysia,MYS,1950,48.4913
Malaysia,MYS,1951,49.2215
Malaysia,MYS,1952,50.1479
Malaysia,MYS,1953,51.1297
Malaysia,MYS,1954,51.9846
Malaysia,MYS,1955,52.8412
Malaysia,MYS,1956,53.6704
Malaysia,MYS,1957,54.5086
Malaysia,MYS,1958,55.4082
Malaysia,MYS,1959,56.3127
Malaysia,MYS,1960,57.1681
Malaysia,MYS,1961,58.015
Malaysia,MYS,1962,58.8553
Malaysia,MYS,1963,59.6674
Malaysia,MYS,1964,60.4476
Malaysia,MYS,1965,61.1444
Malaysia,MYS,1966,61.6788
Malaysia,MYS,1967,62.0442
Malaysia,MYS,1968,62.4434
Malaysia,MYS,1969,62.8683
Malaysia,MYS,1970,63.2983
Malaysia,MYS,1971,63.7697
Malaysia,MYS,1972,64.2323
Malaysia,MYS,1973,64.7255
Malaysia,MYS,1974,65.2041
Malaysia,MYS,1975,65.6974
Malaysia,MYS,1976,66.2328
Malaysia,MYS,1977,66.7201
Malaysia,MYS,1978,67.1704
Malaysia,MYS,1979,67.607
Malaysia,MYS,1980,68.0609
Malaysia,MYS,1981,68.4607
Malaysia,MYS,1982,68.8758
Malaysia,MYS,1983,69.2054
Malaysia,MYS,1984,69.5507
Malaysia,MYS,1985,69.8626
Malaysia,MYS,1986,70.1328
Malaysia,MYS,1987,70.3514
Malaysia,MYS,1988,70.5507
Malaysia,MYS,1989,70.7589
Malaysia,MYS,1990,70.9516
Malaysia,MYS,1991,71.2192
Malaysia,MYS,1992,71.4832
Malaysia,MYS,1993,71.7209
Malaysia,MYS,1994,71.8651
Malaysia,MYS,1995,71.9792
Malaysia,MYS,1996,72.1191
Malaysia,MYS,1997,72.2959
Malaysia,MYS,1998,72.3854
Malaysia,MYS,1999,72.4278
Malaysia,MYS,2000,73.7324
Malaysia,MYS,2001,73.08
Malaysia,MYS,2002,73.4695
Malaysia,MYS,2003,73.7273
Malaysia,MYS,2004,74.0269
Malaysia,MYS,2005,74.3699
Malaysia,MYS,2006,74.6969
Malaysia,MYS,2007,74.9611
Malaysia,MYS,2008,75.1514
Malaysia,MYS,2009,75.2694
Malaysia,MYS,2010,75.3761
Malaysia,MYS,2011,75.4878
Malaysia,MYS,2012,75.5524
Malaysia,MYS,2013,75.464
Malaysia,MYS,2014,75.3451
Malaysia,MYS,2015,75.2876
Malaysia,MYS,2016,75.3712
Malaysia,MYS,2017,75.542
Malaysia,MYS,2018,75.7341
Malaysia,MYS,2019,75.9005
Malaysia,MYS,2020,76.0566
Malaysia,MYS,2021,73.9172
Malaysia,MYS,2022,75.4442
Malaysia,MYS,2023,76.6571
Philippines,PHL,1938,40
Philippines,PHL,1950,53.5783
Philippines,PHL,1951,54.0789
Philippines,PHL,1952,54.6973
Philippines,PHL,1953,55.3953
Philippines,PHL,1954,55.9941
Philippines,PHL,1955,56.6004
Philippines,PHL,1956,57.2457
Philippines,PHL,1957,57.7887
Philippines,PHL,1958,58.3099
Philippines,PHL,1959,58.7451
Philippines,PHL,1960,59.1754
Philippines,PHL,1961,59.4689
Philippines,PHL,1962,59.7555
Philippines,PHL,1963,60.0183
Philippines,PHL,1964,60.1298
Philippines,PHL,1965,60.4098
Philippines,PHL,1966,60.6228
Philippines,PHL,1967,60.8036
Philippines,PHL,1968,60.9166
Philippines,PHL,1969,60.9813
Philippines,PHL,1970,60.8273
Philippines,PHL,1971,61.0649
Philippines,PHL,1972,60.9112
Philippines,PHL,1973,60.7413
Philippines,PHL,1974,60.816
Philippines,PHL,1975,60.9044
Philippines,PHL,1976,60.8693
Philippines,PHL,1977,61.4308
Philippines,PHL,1978,61.5312
Philippines,PHL,1979,61.7273
Philippines,PHL,1980,61.8844
Philippines,PHL,1981,61.9424
Philippines,PHL,1982,62.1749
Philippines,PHL,1983,62.3486
Philippines,PHL,1984,62.4256
Philippines,PHL,1985,62.7353
Philippines,PHL,1986,62.8746
Philippines,PHL,1987,63.2987
Philippines,PHL,1988,63.7108
Philippines,PHL,1989,64.1054
Philippines,PHL,1990,64.3825
Philippines,PHL,1991,64.6224
Philippines,PHL,1992,65.353
Philippines,PHL,1993,65.6614
Philippines,PHL,1994,65.9998
Philippines,PHL,1995,66.311
Philippines,PHL,1996,66.691
Philippines,PHL,1997,66.9939
Philippines,PHL,1998,67.2122
Philippines,PHL,1999,67.5027
Philippines,PHL,2000,67.7892
Philippines,PHL,2001,67.8286
Philippines,PHL,2002,67.886
Philippines,PHL,2003,68.0491
Philippines,PHL,2004,68.3007
Philippines,PHL,2005,68.4231
Philippines,PHL,2006,68.1723
Philippines,PHL,2007,68.549
Philippines,PHL,2008,68.6432
Philippines,PHL,2009,68.6311
Philippines,PHL,2010,68.8833
Philippines,PHL,2011,69.0963
Philippines,PHL,2012,69.2375
Philippines,PHL,2013,69.2828
Philippines,PHL,2014,69.3106
Philippines,PHL,2015,69.4501
Philippines,PHL,2016,69.4896
Philippines,PHL,2017,69.9661
Philippines,PHL,2018,69.7615
Philippines,PHL,2019,69.6804
Philippines,PHL,2020,70.0974
Philippines,PHL,2021,66.6755
Philippines,PHL,2022,69.4723
Philippines,PHL,2023,69.8327
Singapore,SGP,1950,54.0923
Singapore,SGP,1951,55.2599
Singapore,SGP,1952,56.4258
Singapore,SGP,1953,57.4671
Singapore,SGP,1954,59.4233
Singapore,SGP,1955,61.2143
Singapore,SGP,1956,62.6169
Singapore,SGP,1957,63.3944
Singapore,SGP,1958,64.0265
Singapore,SGP,1959,64.7941
Singapore,SGP,1960,65.2968
Singapore,SGP,1961,65.6863
Singapore,SGP,1962,66.0904
Singapore,SGP,1963,66.4883
Singapore,SGP,1964,66.7124
Singapore,SGP,1965,66.9432
Singapore,SGP,1966,67.2369
Singapore,SGP,1967,67.3308
Singapore,SGP,1968,67.6627
Singapore,SGP,1969,68.0756
Singapore,SGP,1970,68.4999
Singapore,SGP,1971,68.7955
Singapore,SGP,1972,68.9641
Singapore,SGP,1973,69.3571
Singapore,SGP,1974,69.7088
Singapore,SGP,1975,70.2322
Singapore,SGP,1976,70.5699
Singapore,SGP,1977,70.8837
Singapore,SGP,1978,71.1631
Singapore,SGP,1979,71.3566
Singapore,SGP,1980,71.5285
Singapore,SGP,1981,71.7476
Singapore,SGP,1982,72.0149
Singapore,SGP,1983,72.4147
Singapore,SGP,1984,72.6028
Singapore,SGP,1985,73.1235
Singapore,SGP,1986,73.5641
Singapore,SGP,1987,74.0353
Singapore,SGP,1988,74.0494
Singapore,SGP,1989,74.3325
Singapore,SGP,1990,74.5982
Singapore,SGP,1991,75.0582
Singapore,SGP,1992,75.3265
Singapore,SGP,1993,75.5328
Singapore,SGP,1994,75.6269
Singapore,SGP,1995,75.7249
Singapore,SGP,1996,76.0504
Singapore,SGP,1997,76.3889
Singapore,SGP,1998,76.851
Singapore,SGP,1999,77.2711
Singapore,SGP,2000,77.7525
Singapore,SGP,2001,78.2668
Singapore,SGP,2002,78.7357
Singapore,SGP,2003,79.1777
Singapore,SGP,2004,79.6584
Singapore,SGP,2005,80.2706
Singapore,SGP,2006,80.6404
Singapore,SGP,2007,80.8845
Singapore,SGP,2008,81.0992
Singapore,SGP,2009,81.4282
Singapore,SGP,2010,81.6472
Singapore,SGP,2011,81.9417
Singapore,SGP,2012,82.2089
Singapore,SGP,2013,82.4676
Singapore,SGP,2014,82.6146
Singapore,SGP,2015,82.7479
Singapore,SGP,2016,82.897
Singapore,SGP,2017,83.0947
Singapore,SGP,2018,83.3783
Singapore,SGP,2019,83.6622
Singapore,SGP,2020,83.6607
Singapore,SGP,2021,83.4846
Singapore,SGP,2022,82.9211
Singapore,SGP,2023,82.7362
Thailand,THA,1937,40.3
Thailand,THA,1941,38.3
Thailand,THA,1947,41.8
Thailand,THA,1948,49.9
Thailand,THA,1950,45.1886
Thailand,THA,1951,45.9204
Thailand,THA,1952,46.498
Thailand,THA,1953,47.0656
Thailand,THA,1954,47.6198
Thailand,THA,1955,48.1338
Thailand,THA,1956,48.6388
Thailand,THA,1957,49.1281
Thailand,THA,1958,49.5483
Thailand,THA,1959,50.1261
Thailand,THA,1960,50.6085
Thailand,THA,1961,51.065
Thailand,THA,1962,51.4443
Thailand,THA,1963,51.988
Thailand,THA,1964,52.5386
Thailand,THA,1965,53.131
Thailand,THA,1966,53.7294
Thailand,THA,1967,54.3155
Thailand,THA,1968,54.9772
Thailand,THA,1969,55.7047
Thailand,THA,1970,56.4699
Thailand,THA,1971,57.1004
Thailand,THA,1972,57.7464
Thailand,THA,1973,58.3234
Thailand,THA,1974,59.0306
Thailand,THA,1975,59.7128
Thailand,THA,1976,60.3715
Thailand,THA,1977,60.9061
Thailand,THA,1978,61.2657
Thailand,THA,1979,61.696
Thailand,THA,1980,62.186
Thailand,THA,1981,62.8557
Thailand,THA,1982,63.6026
Thailand,THA,1983,64.4998
Thailand,THA,1984,65.5497
Thailand,THA,1985,66.5429
Thailand,THA,1986,67.3084
Thailand,THA,1987,67.8333
Thailand,THA,1988,68.1937
Thailand,THA,1989,68.5574
Thailand,THA,1990,68.9244
Thailand,THA,1991,69.1322
Thailand,THA,1992,69.353
Thailand,THA,1993,69.5677
Thailand,THA,1994,69.6609
Thailand,THA,1995,69.7565
Thailand,THA,1996,69.94
Thailand,THA,1997,70.3622
Thailand,THA,1998,70.7029
Thailand,THA,1999,70.9787
Thailand,THA,2000,71.2053
Thailand,THA,2001,71.5198
Thailand,THA,2002,71.7747
Thailand,THA,2003,72.1012
Thailand,THA,2004,72.1
Thailand,THA,2005,72.8938
Thailand,THA,2006,73.3413
Thailand,THA,2007,73.7795
Thailand,THA,2008,74.2205
Thailand,THA,2009,74.6691
Thailand,THA,2010,75.0117
Thailand,THA,2011,75.3015
Thailand,THA,2012,75.5899
Thailand,THA,2013,75.9601
Thailand,THA,2014,76.2792
Thailand,THA,2015,76.5631
Thailand,THA,2016,76.7693
Thailand,THA,2017,76.9888
Thailand,THA,2018,77.1903
Thailand,THA,2019,77.1967
Thailand,THA,2020,77.3314
Thailand,THA,2021,77.6065
Thailand,THA,2022,75.2913
Thailand,THA,2023,75.5115
Vietnam,VNM,1950,48.0407
Vietnam,VNM,1951,48.6995
Vietnam,VNM,1952,49.3766
Vietnam,VNM,1953,49.9591
Vietnam,VNM,1954,52.0031
Vietnam,VNM,1955,54.8256
Vietnam,VNM,1956,55.5347
Vietnam,VNM,1957,56.1673
Vietnam,VNM,1958,56.7983
Vietnam,VNM,1959,57.3978
Vietnam,VNM,1960,58.0462
Vietnam,VNM,1961,58.4612
Vietnam,VNM,1962,58.2042
Vietnam,VNM,1963,56.8966
Vietnam,VNM,1964,57.4733
Vietnam,VNM,1965,56.9667
Vietnam,VNM,1966,56.9137
Vietnam,VNM,1967,56.7445
Vietnam,VNM,1968,52.6683
Vietnam,VNM,1969,54.7907
Vietnam,VNM,1970,54.93
Vietnam,VNM,1971,55.5848
Vietnam,VNM,1972,51.9133
Vietnam,VNM,1973,55.6766
Vietnam,VNM,1974,54.7512
Vietnam,VNM,1975,61.865
Vietnam,VNM,1976,63.6692
Vietnam,VNM,1977,64.0697
Vietnam,VNM,1978,64.5289
Vietnam,VNM,1979,64.9864
Vietnam,VNM,1980,65.3381
Vietnam,VNM,1981,65.7794
Vietnam,VNM,1982,66.2118
Vietnam,VNM,1983,66.5447
Vietnam,VNM,1984,66.9291
Vietnam,VNM,1985,67.1916
Vietnam,VNM,1986,67.5502
Vietnam,VNM,1987,68.005
Vietnam,VNM,1988,68.5848
Vietnam,VNM,1989,68.8051
Vietnam,VNM,1990,69.0268
Vietnam,VNM,1991,69.3035
Vietnam,VNM,1992,69.6197
Vietnam,VNM,1993,69.9569
Vietnam,VNM,1994,70.3789
Vietnam,VNM,1995,70.8714
Vietnam,VNM,1996,71.2961
Vietnam,VNM,1997,71.67
Vietnam,VNM,1998,72.2829
Vietnam,VNM,1999,72.5754
Vietnam,VNM,2000,72.7455
Vietnam,VNM,2001,72.9842
Vietnam,VNM,2002,73.1384
Vietnam,VNM,2003,73.2356
Vietnam,VNM,2004,73.0623
Vietnam,VNM,2005,73.1983
Vietnam,VNM,2006,73.2925
Vietnam,VNM,2007,73.385
Vietnam,VNM,2008,73.455
Vietnam,VNM,2009,73.5253
Vietnam,VNM,2010,73.6107
Vietnam,VNM,2011,73.7126
Vietnam,VNM,2012,73.7619
Vietnam,VNM,2013,73.8207
Vietnam,VNM,2014,73.8859
Vietnam,VNM,2015,73.9554
Vietnam,VNM,2016,73.9837
Vietnam,VNM,2017,74.0265
Vietnam,VNM,2018,74.1004
Vietnam,VNM,2019,74.2113
Vietnam,VNM,2020,75.3832
Vietnam,VNM,2021,74.1448
Vietnam,VNM,2022,74.5025
Vietnam,VNM,2023,74.5883